product,ingredient,madein
두입 족발 도시락,밥,국산
,유자백김치,국산
,한입족발,외국산
두입 불족발 도시락,밥,국산
,유자백김치,국산
,한입불족발,외국산
강풍 소시지 파스타,돼지고기(토마토미트소스),국산
,소고기(토마토미트소스),호주산
,돼지고기(강풍소시지),국산
트러플 치즈 파스타,돼지고기(토마토미트소스),국산
,소고기(토마토미트소스),호주산
토마토 고기 파스타,돼지고기(토마토미트소스),국산
,소고기(토마토미트소스),호주산
"들국화(치킨, 연어구이)",밥,국산
,김치,국산
,돼지고기,국산
,닭고기,브라질산
,소고기,호주산
,해산물,외국산
들국화(순살 고등어 간장구이),밥,국산
,김치,국산
,돼지고기,국산
,소고기,호주산
,해산물,외국산
민들레,밥,국산
,김치,국산
,해산물,외국산
,돼지고기,국산
,닭고기,브라질산
무궁화(순살 고등어 간장구이),밥,국산
,김치,국산
,돼지고기,국산
,닭고기,브라질산
,소고기,호주산
,해산물,외국산
돈가스이모님고기고기,밥,국산
,소고기,호주산
,돼지고기(돈까스),국산
,돼지고기(제육볶음),국산
,고춧가루(김치),국산
,닭고기,브라질산
,떡햄버그,국산
탕수육이모님고기고기,밥,국산
,탕수육,국산
,돈가스,국산
,소고기,호주산
,제육볶음,미국산
,김치,국산
탈모고기고기,밥,국산
,김치,국산
,돼지고기(제육볶음),국산
,닭고기,브라질산
,소고기,호주산
김치고기고기,밥,국산
,김치,국산
,돼지고기,국산
,닭고기,브라질산
,소고기,호주산
숯불간접구이,숯불간접구이,스페인산
,밥,국산
,배추,국산
,고춧가루(김치),국산
메가톤치킨제육,밥,국산
,치킨,브라질산
,제육볶음,국산
칠레 찹쌀탕수육이모님,밥,국산
,돈가스,국산
,찹쌀,국산
,탕수육,국산
동서남북백,밥,국산
,김치,국산
,돼지고기,국산
,닭고기,브라질산
,소고기,호주산
,해산물,외국산
양념치킨제육,밥,국산
,김치,국산
,돼지고기,국산
,닭고기,브라질산
,해산물,외국산
돈가스이모님,밥,국산
,김치,국산
,돼지고기,국산
,닭고기,브라질산
,해산물,외국산
제육 된장찌개 정식,밥,국산
,제육볶음,국산
,배추,국산
,고춧가루,국산
,돼지고기,국산
제육 차돌 된장찌개 정식,밥,국산
,돼지고기,국산
,닭고기,국산
,소고기,호주산
,배추김치,국산
,제육볶음,국산
돈치스팸 차돌 된장찌개 정식,밥,국산
,돼지고기,국산
,닭고기,국산
,소고기,호주산
,배추김치,국산
,치킨가라아게,브라질산
양념치킨마요 정식,밥,국산
,돼지고기,국산
,닭고기,국산
,소고기,호주산
,배추김치,국산
,치킨가라아게,브라질산